{
  "errors": 0,
  "latency_ms": {
    "max": 66.45955302519724,
    "mean": 46.09067469209549,
    "p50": 46.49088648147881,
    "p95": 59.38003497431055
  },
  "ready": 256,
  "requests": 256
}