{
  "errors": 0,
  "latency_ms": {
    "max": 67.78084702091292,
    "mean": 45.6445414964719,
    "p50": 45.41070001141634,
    "p95": 59.957749996101484
  },
  "ready": 256,
  "requests": 256
}