{
  "errors": 0,
  "latency_ms": {
    "max": 64.77808702038601,
    "mean": 46.04033946736763,
    "p50": 46.578009496442974,
    "p95": 58.62781801261008
  },
  "ready": 256,
  "requests": 256
}