{
  "details": {
    "concurrency": 8,
    "durations_ms": [
      41.02758801309392,
      41.02790798060596,
      41.01520500262268,
      40.9686769999098,
      40.95734600559808,
      40.948831010609865,
      40.94132699538022,
      40.93479400034994,
      40.92861199751496,
      40.91728199273348,
      40.91081899241544,
      40.90324501157738,
      40.681129990844056,
      40.66789397620596,
      40.65660299966112,
      40.646875015227124,
      40.63687700545415,
      40.6293319829274,
      40.62114699627273,
      40.61177899711765,
      40.60249199392274,
      40.57883800123818,
      40.570551995188,
      40.464805002557114,
      40.455487003782764,
      40.39873101282865,
      40.39051599102095,
      40.545424999436364,
      40.54003499913961,
      40.532911982154474,
      40.52584798773751,
      40.4988779919222,
      40.32909998204559,
      40.321415988728404,
      40.314212994417176,
      40.30794100253843,
      40.30118801165372,
      40.29411502415314,
      40.28741200454533,
      40.28056000242941,
      40.2739770070184,
      40.26761502609588,
      40.26066299411468,
      40.253128012409434,
      40.24005398969166,
      40.23006500210613,
      40.18558200914413,
      41.11044300952926,
      41.10540301189758,
      41.099021007539704,
      41.09031398547813,
      41.08181901392527,
      41.03593301260844,
      41.02913098176941,
      41.02352901827544,
      41.01821000222117,
      41.0130110103637,
      41.006478015333414,
      41.00108801503666,
      40.995307004777715,
      40.988663997268304,
      40.98138099652715,
      40.975350013468415,
      40.96976897562854
    ]
  },
  "environment": {
    "cuda_available": true,
    "device": "cpu",
    "torch_version": "2.8.0+cu128"
  },
  "metrics": {
    "latency_max_ms": 41.11044300952926,
    "latency_mean_ms": 40.69390109452797,
    "latency_p95_ms": 41.0890397397452,
    "requests": 64.0
  },
  "scenario": "kasmina_prefetch_burst",
  "telemetry": []
}