{
  "errors": 0,
  "latency_ms": {
    "max": 69.1206959891133,
    "mean": 45.54764946897194,
    "p50": 45.714447493082844,
    "p95": 58.20911598857492
  },
  "ready": 256,
  "requests": 256
}