{
  "device": "cuda",
  "per_trainer": {
    "mode": "per_trainer",
    "epochs": 2,
    "warmup_batches": 2,
    "captures": [
      {
        "graph_enabled": true,
        "stage_copy_ms": 0.011136000044643879,
        "capture_ms": 64.30976701085456,
        "replay_ms": 0.037439982406795025,
        "fallback": false
      },
      {
        "graph_enabled": true,
        "stage_copy_ms": 0.010239999741315842,
        "capture_ms": 5057.733037974685,
        "replay_ms": 0.03598799230530858,
        "fallback": false
      }
    ],
    "ctor_times_s": [
      4.128000000491738e-06,
      2.5250192265957594e-06
    ],
    "capture_times_s": [
      0.06413497001631185,
      5.057603977009421
    ]
  },
  "reuse_trainer": {
    "mode": "reuse_trainer",
    "epochs": 2,
    "warmup_batches": 2,
    "captures": [
      {
        "graph_enabled": true,
        "stage_copy_ms": 0.011103999800980091,
        "capture_ms": 5063.01892499323,
        "replay_ms": 0.0360779813490808,
        "fallback": false
      },
      {
        "graph_enabled": true,
        "stage_copy_ms": 0.011103999800980091,
        "capture_ms": 5063.01892499323,
        "replay_ms": 0.0360779813490808,
        "fallback": false
      }
    ],
    "ctor_times_s": [
      2.31401645578444e-06
    ],
    "capture_times_s": [
      5.0628842030128
    ]
  }
}