{
  "errors": 0,
  "latency_ms": {
    "max": 10058.338175003882,
    "mean": 1723.97777646529,
    "p50": 48.517336006625555,
    "p95": 10043.404533003923
  },
  "ready": 256,
  "requests": 256
}