{
  "errors": 0,
  "latency_ms": {
    "max": 10021.16769098211,
    "mean": 514.3220845774295,
    "p50": 47.336673000245355,
    "p95": 69.64466199860908
  },
  "ready": 256,
  "requests": 256
}