{
  "errors": 0,
  "latency_ms": {
    "max": 10023.256818007212,
    "mean": 514.4472935164686,
    "p50": 47.435176515136845,
    "p95": 68.7237499805633
  },
  "ready": 256,
  "requests": 256
}