{
  "errors": 0,
  "latency_ms": {
    "max": 10026.484044996323,
    "mean": 514.5738737975307,
    "p50": 47.851008508587256,
    "p95": 65.07417999091558
  },
  "ready": 256,
  "requests": 256
}