{
  "errors": 0,
  "latency_ms": {
    "max": 73.44204501714557,
    "mean": 45.36464152727149,
    "p50": 44.736305993865244,
    "p95": 60.641041985945776
  },
  "ready": 256,
  "requests": 256
}