{
  "errors": 0,
  "latency_ms": {
    "max": 10024.788252980215,
    "mean": 514.8247909445445,
    "p50": 48.10445000475738,
    "p95": 65.45145000563934
  },
  "ready": 256,
  "requests": 256
}