{
  "errors": 0,
  "latency_ms": {
    "max": 10028.273406001972,
    "mean": 515.2367774221602,
    "p50": 47.8643279930111,
    "p95": 68.83718399330974
  },
  "ready": 256,
  "requests": 256
}