{
  "errors": 0,
  "latency_ms": {
    "max": 10060.508367983857,
    "mean": 1645.3979148595863,
    "p50": 47.504337984719314,
    "p95": 10040.275767009007
  },
  "ready": 256,
  "requests": 256
}