{
  "errors": 0,
  "latency_ms": {
    "max": 10025.29338200111,
    "mean": 515.1362975273059,
    "p50": 48.35992949665524,
    "p95": 66.65625399909914
  },
  "ready": 256,
  "requests": 256
}