{
  "alpha_delta": {
    "count": 3245.0,
    "max": 1.0,
    "mean": 0.0180901532514275,
    "median": 0.0,
    "min": -1.0,
    "p90": 0.0,
    "p95": 0.5
  },
  "alpha_delta_abs": {
    "count": 3245.0,
    "max": 1.0,
    "mean": 0.08402209632858539,
    "median": 0.0,
    "min": 0.0,
    "p90": 0.2,
    "p95": 1.0
  },
  "alpha_delta_sq": {
    "count": 3245.0,
    "max": 1.0,
    "mean": 0.07546152832811535,
    "median": 0.0,
    "min": 0.0,
    "p90": 0.04000000000000001,
    "p95": 1.0
  },
  "events": [
    "telemetry/telemetry_2025-12-20_044944/events.jsonl"
  ],
  "mock": {
    "config": {
      "base_seed": 123,
      "episodes": 3,
      "max_batches": 4,
      "max_epochs": 3,
      "random_germinate_bias": 1.0,
      "task": "tinystories",
      "topology": "transformer"
    },
    "results": {
      "random": {
        "reward": {
          "count": 9.0,
          "max": 0.27849999999999997,
          "mean": 0.12433888888888887,
          "median": 0.08154999999999998,
          "min": 0.0,
          "p90": 0.27849999999999997,
          "p95": 0.27849999999999997
        },
        "reward_abs": {
          "count": 9.0,
          "max": 0.27849999999999997,
          "mean": 0.12433888888888887,
          "median": 0.08154999999999998,
          "min": 0.0,
          "p90": 0.27849999999999997,
          "p95": 0.27849999999999997
        }
      }
    }
  },
  "reward": {
    "action_shaping": {
      "count": 4637.0,
      "max": 3.0230132052821133,
      "mean": -0.027370234929450562,
      "median": 0.0,
      "min": -1.4342496998799525,
      "p90": 0.0,
      "p95": 0.27849999999999997
    },
    "bounded_attribution": {
      "count": 2321.0,
      "max": 19.32773109243697,
      "mean": 0.04466501682686805,
      "median": -0.0,
      "min": -13.81969259877593,
      "p90": 0.1440576230492198,
      "p95": 0.6834532374100725
    },
    "compute_rent": {
      "count": 4637.0,
      "max": -0.0,
      "mean": -0.2631663248659127,
      "median": 0.0,
      "min": -1.7265046435307705,
      "p90": 0.0,
      "p95": 0.0
    },
    "pbrs_bonus": {
      "count": 4637.0,
      "max": 0.08654999999999999,
      "mean": 0.012508777226655164,
      "median": 0.0,
      "min": -0.01200000000000001,
      "p90": 0.0842999999999999,
      "p95": 0.08610000000000011
    },
    "stage_bonus": {
      "count": 4637.0,
      "max": 0.0,
      "mean": 0.0,
      "median": 0.0,
      "min": 0.0,
      "p90": 0.0,
      "p95": 0.0
    },
    "terminal_bonus": {
      "count": 4637.0,
      "max": 8.49400479616307,
      "mean": 0.020481040309902963,
      "median": 0.0,
      "min": 0.0,
      "p90": 0.0,
      "p95": 0.0
    },
    "total_reward": {
      "count": 4664.0,
      "max": 20.012955811489125,
      "mean": -0.2207595855023407,
      "median": -0.01,
      "min": -15.108920660209993,
      "p90": 0.08654999999999999,
      "p95": 0.27849999999999997
    }
  },
  "reward_abs": {
    "action_shaping": {
      "count": 4637.0,
      "max": 3.0230132052821133,
      "mean": 0.08360078776158997,
      "median": 0.0,
      "min": 0.0,
      "p90": 0.27849999999999997,
      "p95": 0.32
    },
    "bounded_attribution": {
      "count": 2321.0,
      "max": 19.32773109243697,
      "mean": 0.33871005553304406,
      "median": 0.0,
      "min": 0.0,
      "p90": 0.5762304921968792,
      "p95": 1.318944844124701
    },
    "compute_rent": {
      "count": 4637.0,
      "max": 1.7265046435307705,
      "mean": 0.2631663248659127,
      "median": 0.0,
      "min": 0.0,
      "p90": 1.0759465849739434,
      "p95": 1.3955109046886096
    },
    "pbrs_bonus": {
      "count": 4637.0,
      "max": 0.08654999999999999,
      "mean": 0.013808216519301272,
      "median": 0.0,
      "min": 0.0,
      "p90": 0.0842999999999999,
      "p95": 0.08610000000000011
    },
    "stage_bonus": {
      "count": 4637.0,
      "max": 0.0,
      "mean": 0.0,
      "median": 0.0,
      "min": 0.0,
      "p90": 0.0,
      "p95": 0.0
    },
    "terminal_bonus": {
      "count": 4637.0,
      "max": 8.49400479616307,
      "mean": 0.020481040309902963,
      "median": 0.0,
      "min": 0.0,
      "p90": 0.0,
      "p95": 0.0
    },
    "total_reward": {
      "count": 4664.0,
      "max": 20.012955811489125,
      "mean": 0.4748822086838358,
      "median": 0.07830000000000004,
      "min": 0.0,
      "p90": 1.340207101393073,
      "p95": 1.6545877224734404
    }
  },
  "suggested": {
    "base_slot_rent": 0.003915000000000002,
    "notes": "Shock targets ~10% of median abs total_reward at p90(alpha_delta^2).",
    "shock_coef": 0.19575000000000006,
    "shock_target_magnitude": 0.007830000000000004
  }
}