{
  "errors": 0,
  "latency_ms": {
    "max": 64.85472098574974,
    "mean": 45.49228765176849,
    "p50": 45.49857600068208,
    "p95": 57.78559498139657
  },
  "ready": 256,
  "requests": 256
}