{
  "device": "cuda",
  "records": [
    {
      "graph_enabled": true,
      "stage_copy_ms": 0.011264000087976456,
      "capture_ms": 62.78668201412074,
      "replay_ms": 0.03710898454301059,
      "fallback": false
    },
    {
      "graph_enabled": true,
      "stage_copy_ms": 0.010367999784648418,
      "capture_ms": 5056.968009012053,
      "replay_ms": 0.037138990592211485,
      "fallback": false
    },
    {
      "graph_enabled": true,
      "stage_copy_ms": 0.020479999482631683,
      "capture_ms": 5062.568747001933,
      "replay_ms": 0.0364379957318306,
      "fallback": false
    }
  ]
}