{
  "device": "cuda",
  "records": [
    {
      "graph_enabled": true,
      "stage_copy_ms": 0.017696000635623932,
      "capture_ms": 74.13497599191032,
      "replay_ms": 0.040865998016670346,
      "fallback": false
    },
    {
      "graph_enabled": true,
      "stage_copy_ms": 0.017376000061631203,
      "capture_ms": 5090.55805800017,
      "replay_ms": 0.03934299456886947,
      "fallback": false
    },
    {
      "graph_enabled": true,
      "stage_copy_ms": 0.01740800030529499,
      "capture_ms": 5084.026763011934,
      "replay_ms": 0.03915297565981746,
      "fallback": false
    }
  ]
}