{
  "errors": 0,
  "latency_ms": {
    "max": 10022.946447017603,
    "mean": 514.2965421399595,
    "p50": 46.77827699924819,
    "p95": 68.05246399017051
  },
  "ready": 256,
  "requests": 256
}