{
  "errors": 0,
  "latency_ms": {
    "max": 10027.344775007805,
    "mean": 514.0612849406807,
    "p50": 47.214364996762015,
    "p95": 66.51678998605348
  },
  "ready": 256,
  "requests": 256
}