{
  "details": {
    "concurrency": 16,
    "durations_ms": [
      20.682831993326545,
      20.670500001870096,
      20.657275017583743,
      20.531700021820143,
      20.51706300699152,
      20.50723397405818,
      20.463572000153363,
      20.425441005500033,
      20.40592400589958,
      20.29037900501862,
      20.280729979276657,
      20.272644993383437,
      20.232680981280282,
      20.224034000420943,
      20.216831006109715,
      20.193416974507272,
      20.161016000201926,
      20.150437019765377,
      20.14084899565205,
      20.12933700461872,
      20.120639994274825,
      20.111754012759775,
      20.102587004657835,
      21.09333101543598,
      21.086588996695355,
      21.07825200073421,
      20.70260897744447,
      20.687951997388154,
      20.67724202061072,
      20.667072996729985,
      20.657446002587676,
      20.64888901077211,
      20.64083400182426,
      20.633049018215388,
      20.62134799780324,
      20.61285200761631,
      20.604486024240032,
      20.596560992999002,
      20.588265993865207,
      20.579899981385097,
      20.5718349898234,
      20.562017016345635,
      20.55370097514242,
      20.540967001579702,
      20.532912021735683,
      20.524977997411042,
      20.516813005087897,
      20.51178299007006,
      20.503297011600807,
      20.43381700059399,
      20.42045199777931,
      20.411965990206227,
      20.399531989824027,
      20.327047008322552,
      20.318882015999407,
      20.166948001133278,
      20.156307000434026,
      20.147250994341448,
      20.140197011642158,
      20.263838989194483,
      20.257146010408178,
      20.232819981174543,
      20.69117801147513,
      20.68391497596167,
      20.675398991443217,
      20.56718699168414,
      20.558000018354505,
      20.55117700365372,
      20.544934988720343,
      20.53900301689282,
      20.53116902243346,
      20.524847001070157,
      20.518414996331558,
      20.512312999926507,
      20.50571099971421,
      20.499670004937798,
      20.492176001425833,
      20.48611399368383,
      20.479842991335317,
      20.47204799600877,
      20.46569698723033,
      20.459373976336792,
      20.45304299099371,
      20.446771988645196,
      20.440609980141744,
      20.434429025044665,
      20.42742501362227,
      20.419501001015306,
      20.41043300414458,
      20.404231996508315,
      20.397618995048106,
      20.391477999510244,
      20.383743016282097,
      20.37758199730888,
      20.371390011860058,
      20.362582989037037,
      20.3547989949584,
      20.347665005829185,
      20.34143402124755,
      20.335052016889676,
      20.328871003584936,
      20.322579017374665,
      20.316376991104335,
      20.312330016167834,
      20.306088001234457,
      20.299966010497883,
      20.293544977903366,
      20.287412975449115,
      20.281162025639787,
      20.27358699706383,
      20.267396001145244,
      20.26276697870344,
      20.255303010344505,
      20.24896102375351,
      20.418167987372726,
      20.412587007740512,
      20.40477201808244,
      20.39920201059431,
      20.261464989744127,
      20.253648981451988,
      20.24644598714076,
      20.239994017174467,
      20.19389800261706,
      20.18642399343662,
      20.099051005672663,
      20.09125499171205,
      20.056159992236644,
      20.04874698468484
    ]
  },
  "environment": {
    "cuda_available": true,
    "device": "cuda",
    "torch_version": "2.8.0+cu128"
  },
  "metrics": {
    "latency_max_ms": 21.09333101543598,
    "latency_mean_ms": 20.41707959415362,
    "latency_p95_ms": 20.683535932039376,
    "requests": 128.0
  },
  "scenario": "kasmina_prefetch_burst",
  "telemetry": []
}