{
  "errors": 0,
  "latency_ms": {
    "max": 68.03038800717331,
    "mean": 45.27774063717516,
    "p50": 45.616646006237715,
    "p95": 58.77350899390876
  },
  "ready": 256,
  "requests": 256
}