{
  "errors": 0,
  "latency_ms": {
    "max": 66.07714798883535,
    "mean": 45.94942817834635,
    "p50": 45.523758002673276,
    "p95": 58.524547988781705
  },
  "ready": 256,
  "requests": 256
}